{
  "assetsByChunkName": {
    "component---src-pages-index-js": [
      "component---src-pages-index-js-f9015fa6d837c16a39b2.js",
      "component---src-pages-index-js-f9015fa6d837c16a39b2.js.map"
    ],
    "path---volumes-1": [
      "path---volumes-1-1e01c3e08951931ad2bb.js",
      "path---volumes-1-1e01c3e08951931ad2bb.js.map"
    ],
    "path---": [
      "path----557518bd178906f8d58a.js",
      "path----557518bd178906f8d58a.js.map"
    ],
    "component---node-modules-gatsby-plugin-offline-app-shell-js": [
      "component---node-modules-gatsby-plugin-offline-app-shell-js-5c4c5a0f7af9dc69d6d7.js",
      "component---node-modules-gatsby-plugin-offline-app-shell-js-5c4c5a0f7af9dc69d6d7.js.map"
    ],
    "component---src-layouts-index-js": [
      "component---src-layouts-index-js-9d2f7839084b076b0115.js",
      "component---src-layouts-index-js-9d2f7839084b076b0115.js.map"
    ],
    "path---index": [
      "path---index-fd1998a9d7a9397005cf.js",
      "path---index-fd1998a9d7a9397005cf.js.map"
    ],
    "commons": [
      "commons-07cc4bd56523cc910c39.js",
      "commons-07cc4bd56523cc910c39.js.map"
    ],
    "component---src-templates-volume-js": [
      "component---src-templates-volume-js-d9eec479a55170c3eea0.js",
      "component---src-templates-volume-js-d9eec479a55170c3eea0.js.map"
    ],
    "path---offline-plugin-app-shell-fallback": [
      "path---offline-plugin-app-shell-fallback-a0e39f21c11f6a62c5ab.js",
      "path---offline-plugin-app-shell-fallback-a0e39f21c11f6a62c5ab.js.map"
    ],
    "app": [
      "app-9fcaee1a62064e1bb1c4.js",
      "build-js-styles.css",
      "app-9fcaee1a62064e1bb1c4.js.map",
      "build-js-styles.css.map"
    ],
    "path---volumes-2": [
      "path---volumes-2-2af1edfcf75f10a2f919.js",
      "path---volumes-2-2af1edfcf75f10a2f919.js.map"
    ],
    "path---volumes-4": [
      "path---volumes-4-665fa3503fc4020d422a.js",
      "path---volumes-4-665fa3503fc4020d422a.js.map"
    ]
  }
}