{
  "assetsByChunkName": {
    "component---src-pages-index-js": [
      "component---src-pages-index-js-f9015fa6d837c16a39b2.js",
      "component---src-pages-index-js-f9015fa6d837c16a39b2.js.map"
    ],
    "path---volumes-1": [
      "path---volumes-1-ddc6848ab9a5d3919268.js",
      "path---volumes-1-ddc6848ab9a5d3919268.js.map"
    ],
    "path---": [
      "path----557518bd178906f8d58a.js",
      "path----557518bd178906f8d58a.js.map"
    ],
    "component---node-modules-gatsby-plugin-offline-app-shell-js": [
      "component---node-modules-gatsby-plugin-offline-app-shell-js-5c4c5a0f7af9dc69d6d7.js",
      "component---node-modules-gatsby-plugin-offline-app-shell-js-5c4c5a0f7af9dc69d6d7.js.map"
    ],
    "component---src-layouts-index-js": [
      "component---src-layouts-index-js-9d2f7839084b076b0115.js",
      "component---src-layouts-index-js-9d2f7839084b076b0115.js.map"
    ],
    "path---index": [
      "path---index-39d43576cd881cc278ac.js",
      "path---index-39d43576cd881cc278ac.js.map"
    ],
    "commons": [
      "commons-79a84f0b1b0d64b444fd.js",
      "commons-79a84f0b1b0d64b444fd.js.map"
    ],
    "component---src-templates-volume-js": [
      "component---src-templates-volume-js-d9eec479a55170c3eea0.js",
      "component---src-templates-volume-js-d9eec479a55170c3eea0.js.map"
    ],
    "path---offline-plugin-app-shell-fallback": [
      "path---offline-plugin-app-shell-fallback-a0e39f21c11f6a62c5ab.js",
      "path---offline-plugin-app-shell-fallback-a0e39f21c11f6a62c5ab.js.map"
    ],
    "app": [
      "app-a8c35ca166dbb8158171.js",
      "build-js-styles.css",
      "app-a8c35ca166dbb8158171.js.map",
      "build-js-styles.css.map"
    ],
    "path---volumes-2": [
      "path---volumes-2-2af1edfcf75f10a2f919.js",
      "path---volumes-2-2af1edfcf75f10a2f919.js.map"
    ],
    "path---volumes-4": [
      "path---volumes-4-792a23b6bb6963f3260c.js",
      "path---volumes-4-792a23b6bb6963f3260c.js.map"
    ]
  }
}